time,Abitibi-Témiscamingue interruptions,Abitibi-Témiscamingue customers,Bas-Saint-Laurent interruptions,Bas-Saint-Laurent customers,Capitale-Nationale interruptions,Capitale-Nationale customers,Centre-du-Québec interruptions,Centre-du-Québec customers,Chaudière-Appalaches interruptions,Chaudière-Appalaches customers,Côte-Nord interruptions,Côte-Nord customers,Estrie interruptions,Estrie customers,Gaspésie - Îles-de-la-Madeleine interruptions,Gaspésie - Îles-de-la-Madeleine customers,Lanaudière interruptions,Lanaudière customers,Laurentides interruptions,Laurentides customers,Laval interruptions,Laval customers,Mauricie interruptions,Mauricie customers,Montréal interruptions,Montréal customers,Montérégie interruptions,Montérégie customers,Nord-du-Québec interruptions,Nord-du-Québec customers,Outaouais interruptions,Outaouais customers,Saguenay - Lac-Saint-Jean interruptions,Saguenay - Lac-Saint-Jean customers,Across Québec interruptions,Across Québec customers
Sat Apr  8 09:27:58 2023,0,0,0,0,0,0,2,5,5,62,0,0,8,28,0,0,120,4470,255,9122,498,29641,2,5,1133,187745,699,32617,1,16,664,27644,2,9,3389,291364
Sat Apr  8 09:42:59 2023,0,0,0,0,0,0,2,5,4,50,0,0,7,27,0,0,118,3038,253,8880,484,29314,2,5,1133,186390,702,32415,1,16,665,27613,2,9,3373,287762
Sat Apr  8 09:58:00 2023,0,0,0,0,0,0,2,5,2,13,0,0,8,42,0,0,117,2938,248,8621,484,27269,2,5,1141,182108,698,32336,1,16,656,27459,2,9,3361,280821
Sat Apr  8 10:13:01 2023,0,0,0,0,0,0,2,5,1,5,0,0,7,41,0,0,119,2955,250,8336,485,26205,2,5,1144,181600,705,31981,2,23,656,27275,3,10,3376,278441
Sat Apr  8 10:28:01 2023,0,0,0,0,0,0,1,2,1,5,0,0,6,38,0,0,121,2806,245,8235,484,26131,1,2,1142,180177,710,32478,2,23,652,27475,3,10,3368,277382
Sat Apr  8 10:43:02 2023,0,0,0,0,0,0,1,2,2,15,0,0,6,38,0,0,117,2427,246,8126,485,25623,2,14,1142,183061,706,32209,2,23,649,27037,3,10,3361,278585
Sat Apr  8 10:58:03 2023,0,0,0,0,0,0,1,2,0,0,0,0,6,38,0,0,110,2313,247,7675,486,25869,1,2,1144,175921,708,32892,2,23,647,27088,3,10,3355,271833
Sat Apr  8 11:13:04 2023,0,0,0,0,0,0,1,2,0,0,1,4,6,38,0,0,112,2304,242,7709,483,25227,1,2,1156,166858,716,33007,2,23,647,26839,2,7,3369,262020
Sat Apr  8 11:28:05 2023,0,0,0,0,0,0,0,0,0,0,1,4,5,37,0,0,111,2104,240,6835,477,23888,1,2,1155,165614,721,32545,2,23,643,27789,2,7,3358,258848
Sat Apr  8 11:43:06 2023,0,0,0,0,0,0,0,0,0,0,1,4,6,39,0,0,107,1943,239,6814,474,26020,1,2,1152,160288,730,31823,2,23,644,27774,1,1,3357,254731
Sat Apr  8 11:58:07 2023,0,0,0,0,0,0,0,0,0,0,0,0,7,31,0,0,100,1770,236,6518,471,25816,1,2,1165,159232,733,30433,2,23,644,27819,1,1,3360,251645
Sat Apr  8 12:13:07 2023,0,0,0,0,0,0,0,0,0,0,0,0,7,31,0,0,95,1725,231,5379,470,26108,1,2,1189,158366,731,30420,1,16,645,25912,1,1,3371,247960
Sat Apr  8 12:28:09 2023,0,0,0,0,1,4,0,0,1,5,0,0,7,31,0,0,93,1688,229,4659,472,25135,1,2,1193,155748,741,27554,1,16,646,25777,1,1,3386,240620
Sat Apr  8 12:43:09 2023,0,0,0,0,1,4,0,0,2,6,0,0,5,21,0,0,88,1511,226,4678,472,25142,1,2,1208,152938,734,26395,1,16,645,25461,1,1,3384,236175
Sat Apr  8 12:58:10 2023,0,0,0,0,1,6,0,0,1,1,0,0,5,21,0,0,77,1289,228,4547,481,24903,1,2,1210,150473,738,26560,1,16,643,25181,1,1,3387,233000
Sat Apr  8 13:13:11 2023,0,0,0,0,1,6,0,0,1,1,0,0,5,21,0,0,73,1199,230,4302,483,23340,1,2,1203,148902,735,26090,1,16,645,25380,1,1,3379,229260
Sat Apr  8 13:28:11 2023,0,0,0,0,1,6,0,0,0,0,0,0,4,8,0,0,74,1213,226,4273,474,23134,1,2,1217,147318,729,25859,1,16,645,24984,1,1,3373,226814
Sat Apr  8 13:43:12 2023,0,0,0,0,1,6,0,0,0,0,0,0,3,6,0,0,73,1187,213,3998,477,22932,1,2,1221,146484,726,25317,1,16,637,24672,0,0,3353,224620
Sat Apr  8 13:58:13 2023,0,0,0,0,1,6,0,0,0,0,0,0,2,5,0,0,74,1204,211,3987,475,21688,1,2,1226,142961,717,24682,1,16,633,24504,0,0,3341,219055
Sat Apr  8 14:13:14 2023,0,0,0,0,1,6,0,0,0,0,0,0,2,5,0,0,69,1029,208,3922,477,21596,1,2,1230,139879,706,23593,1,16,631,23626,0,0,3326,213674
Sat Apr  8 14:28:14 2023,0,0,0,0,2,11,0,0,0,0,0,0,2,5,0,0,70,1053,209,3811,473,21706,1,2,1245,138474,680,23593,0,0,630,23147,0,0,3312,211802
Sat Apr  8 14:43:15 2023,0,0,0,0,3,39,0,0,0,0,0,0,3,44,0,0,71,1068,209,3790,473,21541,1,2,1242,137801,676,23493,0,0,628,22646,0,0,3306,210424
Sat Apr  8 14:58:16 2023,0,0,0,0,2,34,0,0,0,0,0,0,3,44,0,0,70,1045,209,3918,475,18864,1,2,1253,139110,667,22091,0,0,631,22146,0,0,3311,207254
Sat Apr  8 15:13:17 2023,0,0,0,0,2,34,0,0,0,0,0,0,3,44,0,0,67,992,209,3921,476,18549,1,2,1258,132747,658,23104,0,0,640,21879,0,0,3314,201272
Sat Apr  8 15:28:18 2023,0,0,0,0,2,34,0,0,0,0,0,0,3,7,0,0,65,926,207,3643,464,17405,1,2,1256,128337,652,22946,0,0,636,22111,0,0,3286,195411
Sat Apr  8 15:43:19 2023,0,0,0,0,2,11,0,0,0,0,0,0,3,7,0,0,61,889,205,3619,465,17015,0,0,1263,123220,642,22462,0,0,633,21773,0,0,3274,188996
Sat Apr  8 15:58:20 2023,0,0,0,0,2,11,0,0,0,0,0,0,3,7,0,0,60,910,201,3440,471,17578,0,0,1256,126436,645,21698,0,0,635,21108,0,0,3273,191188
Sat Apr  8 16:13:21 2023,0,0,0,0,2,11,0,0,0,0,0,0,3,7,0,0,59,796,200,3430,479,15681,0,0,1251,125700,642,21119,0,0,633,20604,0,0,3269,187348
Sat Apr  8 16:28:21 2023,0,0,0,0,1,6,0,0,0,0,0,0,3,7,0,0,56,679,192,3147,481,15328,0,0,1245,123334,637,20553,0,0,632,20572,0,0,3247,183626
Sat Apr  8 16:43:22 2023,0,0,0,0,1,6,0,0,0,0,0,0,2,5,0,0,54,658,193,5033,476,14802,0,0,1250,117503,639,19196,0,0,623,20235,0,0,3238,177438
Sat Apr  8 16:58:24 2023,0,0,0,0,1,6,1,140,0,0,0,0,2,5,0,0,51,631,193,5035,474,13802,1,5,1254,112901,632,18215,0,0,615,19590,0,0,3224,170330
Sat Apr  8 17:13:23 2023,0,0,0,0,1,6,1,140,0,0,0,0,2,5,0,0,45,566,189,4922,480,13926,1,5,1262,111853,629,18011,0,0,621,19177,0,0,3231,168611
Sat Apr  8 17:28:23 2023,0,0,0,0,1,6,1,140,0,0,0,0,2,5,0,0,46,577,186,4916,501,13343,1,5,1261,110950,619,18773,0,0,616,18973,0,0,3234,167688
Sat Apr  8 17:43:24 2023,0,0,0,0,1,6,1,140,0,0,0,0,2,5,0,0,43,520,183,4696,506,13190,1,5,1257,106934,616,18446,0,0,615,18267,0,0,3225,162209
Sat Apr  8 17:58:25 2023,0,0,0,0,1,6,1,140,0,0,0,0,2,6,0,0,41,509,180,4486,500,13278,1,5,1275,104899,616,18544,0,0,615,18575,0,0,3232,160448
Sat Apr  8 18:13:26 2023,0,0,0,0,2,7,1,140,0,0,0,0,3,10,0,0,40,497,174,4463,500,13162,1,5,1268,101030,613,18204,0,0,605,18727,0,0,3207,156245
Sat Apr  8 18:28:27 2023,0,0,0,0,2,7,1,140,0,0,0,0,3,10,0,0,37,466,173,4446,491,12791,1,5,1270,98740,612,17991,0,0,612,18186,0,0,3202,152782
Sat Apr  8 18:43:27 2023,0,0,0,0,2,7,1,140,0,0,0,0,1,4,0,0,36,461,157,4214,487,12050,1,5,1256,98660,616,17791,0,0,605,17946,0,0,3162,151278
Sat Apr  8 18:58:29 2023,0,0,0,0,2,7,0,0,0,0,0,0,1,4,0,0,33,467,154,2241,486,12034,1,5,1263,95095,618,15999,0,0,600,17601,0,0,3158,143453
Sat Apr  8 19:13:30 2023,0,0,0,0,1,1,1,8,0,0,0,0,1,4,0,0,31,438,151,2114,484,11987,1,5,1265,91363,615,15803,0,0,594,17396,0,0,3144,139119
Sat Apr  8 19:28:31 2023,0,0,0,0,1,1,0,0,0,0,0,0,0,0,0,0,31,438,141,1935,473,11413,1,5,1270,94865,613,15708,0,0,602,17431,0,0,3132,141796
Sat Apr  8 19:43:31 2023,0,0,0,0,1,1,0,0,0,0,0,0,0,0,0,0,29,421,141,1941,474,11472,1,5,1261,90157,607,14848,0,0,591,17005,0,0,3105,135850
Sat Apr  8 19:58:33 2023,0,0,0,0,0,0,0,0,0,0,0,0,0,0,0,0,28,403,143,1950,473,10881,0,0,1259,87864,610,14865,0,0,593,16421,0,0,3106,132384
Sat Apr  8 20:13:33 2023,0,0,0,0,0,0,0,0,0,0,0,0,0,0,0,0,26,389,137,1826,470,11078,0,0,1267,89711,598,16166,0,0,594,15813,0,0,3092,134983
Sat Apr  8 20:28:34 2023,0,0,0,0,0,0,0,0,0,0,0,0,0,0,0,0,25,377,134,1747,470,11019,0,0,1271,87465,601,14491,0,0,594,15808,0,0,3095,130907
Sat Apr  8 20:43:35 2023,0,0,0,0,0,0,0,0,0,0,0,0,0,0,0,0,23,310,128,1648,470,11010,0,0,1282,84870,599,14324,0,0,588,15487,0,0,3090,127649
Sat Apr  8 20:58:35 2023,0,0,0,0,1,8,0,0,0,0,0,0,0,0,0,0,22,301,127,1636,469,11214,0,0,1279,85984,595,14090,0,0,587,15539,0,0,3080,128772
Sat Apr  8 21:13:36 2023,0,0,0,0,0,0,0,0,0,0,0,0,0,0,0,0,22,301,127,1650,469,11137,0,0,1268,87491,584,13724,0,0,584,15509,0,0,3054,129812
Sat Apr  8 21:28:38 2023,0,0,0,0,0,0,0,0,0,0,0,0,1,9,0,0,21,248,127,1650,469,10848,0,0,1265,92451,581,13674,0,0,580,15932,0,0,3044,134812
Sat Apr  8 21:43:39 2023,0,0,0,0,0,0,0,0,0,0,0,0,1,9,0,0,20,260,125,1656,470,10734,0,0,1271,92683,583,13651,0,0,582,15939,0,0,3052,134932
Sat Apr  8 21:58:39 2023,0,0,0,0,0,0,0,0,0,0,0,0,1,9,0,0,19,247,124,1655,471,10740,0,0,1267,92974,580,13561,0,0,582,15934,0,0,3044,135120
Sat Apr  8 22:13:40 2023,0,0,0,0,0,0,0,0,0,0,0,0,1,9,0,0,17,208,116,1531,473,10581,0,0,1265,92748,581,13556,0,0,582,15420,0,0,3035,134053
Sat Apr  8 22:28:41 2023,0,0,0,0,0,0,0,0,0,0,0,0,1,9,0,0,17,208,112,1484,468,10547,0,0,1273,91229,583,13575,0,0,583,15463,0,0,3037,132515
Sat Apr  8 22:43:43 2023,1,3,0,0,0,0,0,0,0,0,0,0,1,9,0,0,19,229,112,1484,466,10416,0,0,1276,91331,582,13474,0,0,598,15401,0,0,3055,132347
Sat Apr  8 22:58:44 2023,1,3,0,0,0,0,0,0,0,0,0,0,1,9,0,0,19,229,110,1443,470,10052,0,0,1280,88293,582,13452,0,0,609,15333,0,0,3072,128814
Sat Apr  8 23:13:44 2023,1,3,0,0,0,0,0,0,0,0,0,0,1,9,0,0,18,227,110,1443,466,9937,0,0,1292,88598,583,13442,0,0,608,14998,0,0,3079,128657
Sat Apr  8 23:28:45 2023,1,3,0,0,0,0,0,0,0,0,0,0,1,9,0,0,18,227,110,1444,467,9947,0,0,1302,83956,584,13448,0,0,609,14978,0,0,3092,124012
Sat Apr  8 23:43:46 2023,1,3,0,0,0,0,0,0,0,0,0,0,1,9,0,0,17,219,110,1444,462,9922,0,0,1303,83976,584,13399,0,0,599,14701,0,0,3077,123673
Sat Apr  8 23:58:47 2023,0,0,0,0,0,0,0,0,0,0,0,0,1,9,0,0,17,219,108,1415,457,9821,0,0,1306,83569,585,13201,0,0,582,14655,0,0,3056,122889
Sun Apr  9 00:13:47 2023,0,0,0,0,0,0,0,0,0,0,0,0,1,9,0,0,16,215,108,1415,457,9821,2,233,1305,83452,581,13150,0,0,578,14614,0,0,3048,122909
Sun Apr  9 00:28:48 2023,0,0,0,0,0,0,0,0,0,0,0,0,1,9,0,0,16,215,108,1415,456,9577,2,233,1305,83115,583,13065,0,0,579,14619,0,0,3050,122248
Sun Apr  9 00:43:49 2023,0,0,0,0,0,0,0,0,0,0,0,0,1,9,0,0,16,215,109,1421,456,9577,2,233,1301,82072,584,13078,0,0,576,14237,0,0,3045,120842
Sun Apr  9 00:58:50 2023,0,0,0,0,0,0,0,0,0,0,0,0,1,1,0,0,16,215,109,1421,456,9577,2,233,1305,81712,585,13095,0,0,573,14230,0,0,3047,120484
Sun Apr  9 01:13:50 2023,0,0,0,0,0,0,0,0,0,0,0,0,0,0,0,0,16,215,109,1421,455,9424,0,0,1306,81409,586,13136,0,0,573,14230,0,0,3045,119835
Sun Apr  9 01:28:51 2023,0,0,0,0,0,0,0,0,0,0,0,0,0,0,0,0,16,215,109,1421,451,9246,0,0,1307,81539,586,13136,0,0,573,14230,0,0,3042,119787
Sun Apr  9 01:43:52 2023,0,0,0,0,0,0,0,0,0,0,0,0,0,0,0,0,14,167,107,1393,444,8980,0,0,1306,81409,586,13136,0,0,572,14167,0,0,3029,119252
Sun Apr  9 01:58:53 2023,0,0,0,0,0,0,0,0,0,0,0,0,0,0,0,0,14,167,107,1396,426,8559,0,0,1306,81409,585,12403,0,0,566,14006,0,0,3004,117940
Sun Apr  9 02:13:54 2023,0,0,0,0,0,0,0,0,0,0,0,0,0,0,0,0,14,167,107,1396,405,8152,0,0,1306,81409,591,12480,0,0,559,13834,0,0,2982,117438
Sun Apr  9 02:28:55 2023,0,0,0,0,0,0,0,0,0,0,0,0,0,0,0,0,13,149,107,1396,381,7836,0,0,1306,81075,592,12671,0,0,551,13724,0,0,2950,116851
Sun Apr  9 02:43:56 2023,0,0,0,0,0,0,0,0,0,0,0,0,0,0,0,0,13,149,105,1332,368,7700,0,0,1301,80979,594,12667,0,0,548,13694,0,0,2929,116521
Sun Apr  9 02:58:57 2023,0,0,0,0,0,0,0,0,0,0,0,0,0,0,0,0,13,149,104,1326,350,7540,0,0,1295,80783,595,12675,0,0,545,13668,0,0,2902,116141
Sun Apr  9 03:13:58 2023,0,0,0,0,0,0,0,0,0,0,0,0,0,0,0,0,13,149,104,1319,346,7514,0,0,1288,80696,595,12675,0,0,530,13547,0,0,2876,115900
Sun Apr  9 03:28:59 2023,0,0,0,0,0,0,0,0,0,0,0,0,0,0,0,0,13,149,103,1310,340,7467,0,0,1282,80664,594,12664,0,0,519,13642,0,0,2851,115896
Sun Apr  9 03:44:00 2023,0,0,0,0,0,0,0,0,0,0,0,0,0,0,0,0,13,149,102,1290,339,7374,0,0,1276,80564,594,12664,0,0,514,13612,0,0,2838,115653
Sun Apr  9 03:59:01 2023,0,0,0,0,0,0,0,0,0,0,0,0,0,0,0,0,14,159,101,1285,339,7374,0,0,1269,79461,594,12664,0,0,514,13612,0,0,2831,114555
Sun Apr  9 04:14:02 2023,0,0,0,0,0,0,0,0,0,0,0,0,0,0,0,0,14,159,101,1285,339,7374,0,0,1265,79504,594,12664,0,0,514,13612,0,0,2827,114598
Sun Apr  9 04:29:03 2023,0,0,0,0,0,0,0,0,0,0,0,0,0,0,0,0,14,159,101,1285,339,7374,0,0,1265,79504,595,12679,0,0,512,13552,0,0,2826,114553
Sun Apr  9 04:44:04 2023,0,0,0,0,0,0,0,0,0,0,0,0,0,0,0,0,14,159,101,1285,339,7374,0,0,1266,79611,595,12679,0,0,511,13545,0,0,2826,114653
Sun Apr  9 04:59:05 2023,0,0,0,0,0,0,0,0,0,0,0,0,0,0,0,0,13,149,101,1285,339,7374,0,0,1260,78888,595,12679,0,0,511,13545,0,0,2819,113920
Sun Apr  9 05:14:05 2023,0,0,0,0,0,0,0,0,0,0,0,0,0,0,0,0,13,149,101,1285,339,7374,0,0,1256,78503,595,12679,0,0,512,13562,0,0,2816,113552
Sun Apr  9 05:29:06 2023,0,0,0,0,0,0,0,0,0,0,0,0,0,0,0,0,13,149,101,1285,339,7374,0,0,1256,78503,595,12679,0,0,512,13562,0,0,2816,113552
Sun Apr  9 05:44:07 2023,0,0,0,0,0,0,0,0,0,0,0,0,0,0,0,0,14,153,100,1283,338,7278,0,0,1254,78485,595,12679,0,0,511,13676,0,0,2812,113554
Sun Apr  9 05:59:08 2023,0,0,0,0,0,0,0,0,0,0,0,0,0,0,0,0,14,153,100,1283,338,7278,0,0,1250,78185,596,12693,0,0,511,13676,0,0,2809,113268
Sun Apr  9 06:14:09 2023,0,0,0,0,0,0,0,0,0,0,0,0,0,0,0,0,14,153,97,1263,338,7290,0,0,1251,78222,596,12753,0,0,511,13676,0,0,2807,113357
Sun Apr  9 06:29:10 2023,0,0,0,0,0,0,0,0,0,0,0,0,0,0,0,0,14,153,97,1263,338,7290,0,0,1251,78247,593,12722,0,0,511,13790,0,0,2804,113465
Sun Apr  9 06:44:11 2023,0,0,0,0,0,0,0,0,0,0,0,0,0,0,0,0,14,153,98,1271,339,7298,0,0,1246,78041,594,12867,0,0,509,13734,0,0,2800,113364
Sun Apr  9 06:59:12 2023,0,0,0,0,0,0,0,0,0,0,0,0,1,36,0,0,14,153,98,1271,342,7253,0,0,1248,78109,577,13432,0,0,509,13734,0,0,2789,113988
Sun Apr  9 07:14:13 2023,0,0,0,0,0,0,0,0,0,0,0,0,1,36,0,0,14,153,98,1271,341,7241,0,0,1248,78104,578,13445,0,0,509,13736,0,0,2789,113986
Sun Apr  9 07:29:14 2023,0,0,0,0,0,0,0,0,0,0,0,0,1,36,0,0,13,149,96,1251,341,7241,0,0,1247,78058,577,13426,0,0,508,13633,0,0,2783,113794
Sun Apr  9 07:44:15 2023,0,0,0,0,0,0,0,0,0,0,0,0,1,36,1,3,13,149,95,1236,333,7211,0,0,1231,97721,579,13432,0,0,509,13758,0,0,2762,133546
Sun Apr  9 07:59:15 2023,0,0,0,0,0,0,0,0,0,0,0,0,1,36,1,3,14,154,96,1237,331,7171,0,0,1243,97995,577,13133,0,0,508,14130,0,0,2771,133859
Sun Apr  9 08:14:16 2023,0,0,0,0,0,0,0,0,0,0,0,0,1,36,0,0,13,149,94,1223,329,7121,0,0,1244,98106,576,13136,0,0,510,13721,0,0,2767,133492
Sun Apr  9 08:29:17 2023,0,0,0,0,1,96,0,0,0,0,0,0,1,36,0,0,14,152,93,1216,331,7047,0,0,1240,98302,576,13169,0,0,515,13606,0,0,2771,133624
Sun Apr  9 08:44:18 2023,0,0,0,0,0,0,0,0,0,0,0,0,1,36,0,0,14,152,93,1216,328,6918,0,0,1244,97158,575,13116,0,0,516,13661,0,0,2771,132257
Sun Apr  9 08:59:18 2023,0,0,0,0,0,0,0,0,0,0,0,0,1,36,0,0,15,160,91,1188,326,6890,0,0,1254,82743,575,13080,0,0,514,13542,0,0,2776,117639
Sun Apr  9 09:14:19 2023,0,0,0,0,0,0,0,0,0,0,0,0,1,36,0,0,15,160,90,1158,323,6679,0,0,1250,82715,573,12974,0,0,512,13468,0,0,2764,117190
Sun Apr  9 09:29:20 2023,0,0,0,0,0,0,0,0,0,0,0,0,1,36,0,0,16,893,90,1158,321,6648,0,0,1234,82024,572,12989,0,0,509,13474,0,0,2743,117222
Sun Apr  9 09:44:21 2023,0,0,0,0,0,0,0,0,0,0,0,0,1,36,0,0,16,945,91,1163,314,6560,0,0,1240,81263,575,12519,0,0,503,13444,0,0,2740,115930
Sun Apr  9 09:59:22 2023,0,0,0,0,0,0,0,0,0,0,0,0,1,36,0,0,15,223,89,1152,315,6569,0,0,1245,81339,585,12760,0,0,501,13398,0,0,2751,115477
Sun Apr  9 10:14:23 2023,0,0,0,0,0,0,0,0,0,0,0,0,1,36,0,0,15,1250,87,1113,327,6406,0,0,1245,80425,582,12360,0,0,499,13188,0,0,2756,114778
Sun Apr  9 10:29:24 2023,0,0,0,0,0,0,0,0,0,0,0,0,0,0,0,0,17,1198,86,1108,319,6587,0,0,1249,79931,564,12618,0,0,499,12788,0,0,2734,114230
Sun Apr  9 10:44:25 2023,0,0,0,0,0,0,0,0,0,0,0,0,0,0,0,0,17,1213,87,1155,316,6541,0,0,1248,79536,561,12612,0,0,498,12906,0,0,2727,113963
Sun Apr  9 10:59:25 2023,0,0,0,0,1,7,0,0,0,0,0,0,0,0,0,0,18,287,83,1089,317,6529,0,0,1237,79141,559,12386,0,0,495,12870,0,0,2710,112309
Sun Apr  9 11:14:26 2023,0,0,0,0,1,7,0,0,0,0,0,0,0,0,0,0,16,226,82,1014,316,6421,0,0,1227,79928,540,12384,0,0,494,12697,0,0,2676,112677
Sun Apr  9 11:29:27 2023,0,0,0,0,2,13,0,0,0,0,0,0,1,1,0,0,16,226,81,973,316,6408,0,0,1229,77135,527,12503,0,0,493,12675,0,0,2665,109934
Sun Apr  9 11:44:27 2023,0,0,0,0,2,13,0,0,1,3,0,0,1,1,0,0,16,226,79,926,305,6418,0,0,1213,76298,522,12338,0,0,486,12308,0,0,2625,108531
Sun Apr  9 11:59:28 2023,0,0,0,0,2,13,0,0,1,3,0,0,1,1,0,0,16,226,79,912,303,6291,0,0,1201,76059,524,12112,0,0,491,12431,0,0,2618,108048
Sun Apr  9 12:14:29 2023,0,0,0,0,2,13,1,3,1,3,0,0,1,1,0,0,15,223,75,857,303,6285,0,0,1186,73555,503,11706,0,0,490,12379,0,0,2577,105025
Sun Apr  9 12:29:29 2023,0,0,0,0,2,13,0,0,1,3,0,0,1,1,0,0,15,223,74,950,300,6198,0,0,1174,70578,495,11311,0,0,489,12326,0,0,2551,101603
Sun Apr  9 12:44:30 2023,0,0,0,0,2,13,0,0,1,3,0,0,0,0,0,0,15,223,71,903,299,5902,0,0,1166,70002,499,11343,0,0,474,11895,0,0,2527,100284
Sun Apr  9 12:59:31 2023,0,0,0,0,2,9,1,3,1,3,0,0,0,0,0,0,13,208,70,851,298,5950,0,0,1156,69398,490,10862,0,0,471,11717,0,0,2502,99001
Sun Apr  9 13:14:32 2023,0,0,0,0,2,9,1,3,1,3,0,0,0,0,0,0,11,158,66,817,301,5912,0,0,1146,68660,489,10749,0,0,469,11711,0,0,2486,98022
Sun Apr  9 13:29:33 2023,0,0,0,0,4,8650,1,3,1,3,0,0,0,0,0,0,11,158,66,812,296,5605,0,0,1141,66589,485,11333,0,0,465,11541,0,0,2470,104694
Sun Apr  9 13:44:34 2023,0,0,0,0,3,93,1,3,1,3,0,0,0,0,0,0,10,138,64,678,293,5548,0,0,1140,65841,481,11008,0,0,464,11548,0,0,2457,94860
Sun Apr  9 13:45:57 2023,0,0,0,0,3,93,1,3,1,3,0,0,0,0,0,0,10,138,64,678,293,5548,0,0,1140,65841,481,11008,0,0,464,11548,0,0,2457,94860
Sun Apr  9 13:54:08 2023,0,0,0,0,3,93,1,3,1,3,0,0,0,0,0,0,10,138,64,678,293,5548,0,0,1140,65841,481,11008,0,0,464,11548,0,0,2457,94860
Sun Apr  9 14:09:09 2023,0,0,0,0,2,45,1,3,1,3,0,0,0,0,0,0,11,152,59,622,292,5447,0,0,1119,63797,479,10615,0,0,456,11289,0,0,2420,91973
Sun Apr  9 14:24:10 2023,0,0,0,0,1,7,1,3,1,3,0,0,0,0,0,0,11,152,59,617,288,5323,0,0,1118,63204,476,10551,0,0,450,11788,0,0,2405,91648
Sun Apr  9 14:39:10 2023,0,0,0,0,1,7,1,3,1,3,0,0,0,0,0,0,11,152,59,617,288,5323,0,0,1118,63204,476,10551,0,0,450,11788,0,0,2405,91648
Sun Apr  9 14:54:11 2023,0,0,0,0,1,7,0,0,1,3,0,0,0,0,0,0,10,136,55,660,284,5115,0,0,1112,61800,468,10416,1,4,438,11621,0,0,2370,89762
Sun Apr  9 15:09:12 2023,0,0,0,0,1,7,1,3,1,3,0,0,0,0,0,0,9,122,54,674,282,5033,0,0,1107,60157,462,10333,1,4,439,11523,0,0,2357,87859
Sun Apr  9 15:24:13 2023,0,0,0,0,1,7,1,3,1,3,0,0,0,0,0,0,8,121,50,577,282,4725,0,0,1098,59486,455,9293,1,4,435,11281,0,0,2332,85500
Sun Apr  9 15:39:14 2023,0,0,0,0,1,7,1,3,1,3,0,0,0,0,0,0,7,1047,48,562,283,4740,0,0,1094,59055,448,9166,0,0,432,10816,0,0,2315,85399
Sun Apr  9 15:54:15 2023,0,0,0,0,1,7,0,0,1,3,0,0,1,2,0,0,7,1047,47,550,284,4998,0,0,1102,61121,445,9129,0,0,428,9951,0,0,2316,86808
Sun Apr  9 16:09:16 2023,0,0,0,0,1,7,0,0,1,3,0,0,1,2,0,0,7,1047,42,498,282,4924,0,0,1081,60651,434,8818,0,0,426,9629,0,0,2275,85579
Sun Apr  9 16:24:16 2023,0,0,0,0,1,7,0,0,1,3,0,0,1,2,0,0,7,1047,37,438,282,4922,0,0,1081,60384,422,8502,0,0,423,9644,0,0,2255,84949
Sun Apr  9 16:39:17 2023,0,0,0,0,1,7,0,0,1,3,0,0,1,2,0,0,8,1206,39,444,287,4835,0,0,1060,59246,419,8503,0,0,420,9469,0,0,2236,83715
Sun Apr  9 16:54:18 2023,0,0,0,0,1,7,0,0,1,3,0,0,1,2,0,0,8,1206,39,444,287,4835,0,0,1060,59246,419,8503,0,0,420,9469,0,0,2236,83715
Sun Apr  9 17:09:19 2023,0,0,0,0,1,7,0,0,1,3,0,0,0,0,0,0,6,710,35,397,286,4271,0,0,1054,48186,400,8086,0,0,407,8894,0,0,2190,70554
Sun Apr  9 17:24:20 2023,0,0,0,0,1,7,0,0,1,3,0,0,0,0,0,0,5,193,33,371,284,4185,0,0,1046,44671,388,7800,0,0,406,8640,0,0,2164,65870
Sun Apr  9 17:39:21 2023,0,0,0,0,1,7,0,0,1,3,0,0,0,0,0,0,5,193,33,371,284,4185,0,0,1046,44671,388,7800,0,0,406,8640,0,0,2164,65870
Sun Apr  9 17:54:22 2023,0,0,0,0,2,57,0,0,2,5,0,0,0,0,0,0,5,193,32,400,273,4126,0,0,1024,42282,375,7479,0,0,388,8008,0,0,2101,62550
Sun Apr  9 18:09:23 2023,0,0,0,0,2,57,0,0,2,5,0,0,0,0,0,0,4,34,30,388,272,4117,0,0,1009,41478,360,7313,0,0,381,7919,0,0,2060,61311
Sun Apr  9 18:24:24 2023,0,0,0,0,2,57,0,0,2,5,0,0,0,0,0,0,4,34,30,388,272,4117,0,0,1009,41478,360,7313,0,0,381,7919,0,0,2060,61311
Sun Apr  9 18:39:25 2023,0,0,0,0,2,57,0,0,1,3,0,0,0,0,0,0,3,24,25,258,265,3991,0,0,981,40804,347,6898,0,0,368,7713,0,0,1992,59748
Sun Apr  9 18:54:26 2023,0,0,0,0,2,57,0,0,1,3,0,0,0,0,0,0,2,22,24,251,263,3806,0,0,978,40863,330,6550,0,0,348,6430,0,0,1948,57982
Sun Apr  9 19:09:27 2023,0,0,0,0,2,57,0,0,1,3,0,0,0,0,0,0,2,22,25,259,259,3718,0,0,969,38835,329,6512,0,0,365,7484,0,0,1952,56890
Sun Apr  9 19:24:28 2023,0,0,0,0,2,57,0,0,1,3,0,0,0,0,0,0,2,22,23,238,257,3676,0,0,960,38460,324,6370,0,0,356,7409,0,0,1925,56235
Sun Apr  9 19:39:30 2023,0,0,0,0,2,57,0,0,1,3,0,0,0,0,0,0,1,11,21,613,248,3430,0,0,953,37684,320,6213,0,0,353,6749,0,0,1899,54760
Sun Apr  9 19:54:30 2023,0,0,0,0,2,57,0,0,1,3,0,0,0,0,0,0,1,11,19,594,250,3452,0,0,946,36119,316,6188,0,0,349,6525,0,0,1884,52949
Sun Apr  9 20:09:32 2023,0,0,0,0,2,57,0,0,1,3,0,0,0,0,0,0,1,11,16,547,249,3431,0,0,934,34851,314,6028,0,0,341,6438,0,0,1858,51366
Sun Apr  9 20:24:33 2023,0,0,0,0,0,0,0,0,1,3,0,0,0,0,0,0,1,11,16,547,238,3305,0,0,922,33102,307,5807,0,0,334,6409,0,0,1819,49184
Sun Apr  9 20:39:34 2023,0,0,0,0,0,0,0,0,1,3,0,0,0,0,0,0,1,11,13,112,217,3186,0,0,922,33231,304,5741,0,0,335,6381,0,0,1793,48665
Sun Apr  9 20:54:35 2023,0,0,0,0,0,0,0,0,1,3,0,0,0,0,0,0,1,11,10,89,216,3159,0,0,912,32966,302,5786,0,0,332,6394,0,0,1774,48408
Sun Apr  9 21:09:36 2023,0,0,0,0,0,0,0,0,1,3,0,0,0,0,0,0,1,11,10,89,216,3159,0,0,912,32966,302,5786,0,0,332,6394,0,0,1774,48408
Sun Apr  9 21:24:37 2023,0,0,0,0,0,0,0,0,1,3,0,0,0,0,0,0,1,11,11,109,214,3130,0,0,887,31059,301,5699,0,0,315,6237,0,0,1730,46248
Sun Apr  9 21:39:38 2023,0,0,0,0,0,0,0,0,1,3,0,0,0,0,0,0,1,11,12,121,214,3130,0,0,873,30620,300,5683,0,0,316,6266,0,0,1717,45834
Sun Apr  9 21:54:39 2023,0,0,0,0,0,0,0,0,1,3,0,0,0,0,0,0,1,11,12,121,214,3130,0,0,873,30620,300,5683,0,0,316,6266,0,0,1717,45834
Sun Apr  9 22:09:40 2023,0,0,0,0,0,0,0,0,1,3,0,0,0,0,0,0,1,11,9,73,215,3138,0,0,834,29261,295,5580,0,0,315,6244,0,0,1670,44310
Sun Apr  9 22:24:41 2023,0,0,0,0,0,0,0,0,1,3,0,0,0,0,0,0,3,21,9,73,215,3138,0,0,830,29170,295,5580,0,0,315,6244,0,0,1668,44229
Sun Apr  9 22:39:42 2023,0,0,0,0,0,0,0,0,1,3,0,0,0,0,0,0,3,21,9,73,215,3138,0,0,830,29170,295,5580,0,0,315,6244,0,0,1668,44229
Sun Apr  9 22:54:44 2023,0,0,0,0,0,0,0,0,1,3,0,0,0,0,0,0,3,21,9,73,214,3171,0,0,822,29650,294,5576,0,0,315,6238,0,0,1658,44732
Sun Apr  9 23:09:45 2023,0,0,0,0,0,0,0,0,1,3,0,0,0,0,0,0,3,21,10,115,214,3171,0,0,824,29654,293,5564,0,0,315,6238,0,0,1660,44766
Sun Apr  9 23:24:46 2023,0,0,0,0,0,0,0,0,1,3,0,0,0,0,0,0,3,21,11,122,216,3202,0,0,822,29485,293,5564,0,0,315,6238,0,0,1661,44635
Sun Apr  9 23:39:47 2023,0,0,0,0,0,0,0,0,1,3,0,0,0,0,0,0,2,13,10,107,216,3202,0,0,821,29061,293,5564,0,0,316,6248,0,0,1659,44198
Sun Apr  9 23:54:48 2023,0,0,0,0,0,0,0,0,1,3,0,0,0,0,0,0,2,13,10,107,216,3202,0,0,821,28391,294,5461,0,0,315,6239,0,0,1659,43416
Mon Apr 10 00:09:49 2023,0,0,0,0,0,0,0,0,1,3,0,0,0,0,0,0,2,13,10,107,216,3202,0,0,821,28391,294,5461,0,0,315,6239,0,0,1659,43416
Mon Apr 10 00:24:50 2023,0,0,0,0,0,0,0,0,1,3,0,0,0,0,0,0,2,13,8,58,217,3248,0,0,824,28184,294,5464,0,0,316,6241,0,0,1662,43211
Mon Apr 10 00:39:51 2023,0,0,0,0,0,0,0,0,1,3,0,0,0,0,0,0,2,13,8,58,217,3248,0,0,835,31198,294,5464,0,0,315,6239,0,0,1672,46223
Mon Apr 10 00:54:52 2023,0,0,0,0,0,0,0,0,1,3,0,0,0,0,0,0,2,13,9,86,217,3248,0,0,835,30661,295,5464,0,0,315,6239,0,0,1674,45714
Mon Apr 10 01:09:53 2023,0,0,0,0,0,0,0,0,1,3,0,0,0,0,0,0,2,13,10,98,217,3248,0,0,831,30248,296,5465,0,0,315,6239,0,0,1672,45314
Mon Apr 10 01:24:54 2023,0,0,0,0,0,0,0,0,1,3,0,0,0,0,0,0,2,13,9,91,218,3252,0,0,830,30203,296,5465,0,0,315,6239,0,0,1671,45266
Mon Apr 10 01:39:55 2023,0,0,0,0,0,0,0,0,1,3,0,0,0,0,0,0,2,13,9,91,218,3252,0,0,821,29712,296,5465,0,0,315,6239,0,0,1662,44775
Mon Apr 10 01:54:57 2023,0,0,0,0,0,0,0,0,1,3,0,0,0,0,0,0,2,13,9,91,218,3252,0,0,818,29569,295,5431,0,0,315,6239,0,0,1658,44598
Mon Apr 10 02:09:58 2023,0,0,0,0,0,0,0,0,1,3,0,0,0,0,0,0,2,13,8,63,218,3252,0,0,810,26488,295,5431,0,0,316,6240,0,0,1650,41490
Mon Apr 10 02:24:59 2023,0,0,0,0,0,0,0,0,1,3,0,0,0,0,0,0,2,13,8,63,218,3252,0,0,809,26415,295,5431,0,0,315,6198,0,0,1648,41375
Mon Apr 10 02:40:00 2023,0,0,0,0,0,0,0,0,1,3,0,0,0,0,0,0,2,13,8,63,218,3252,0,0,803,25373,295,5431,0,0,316,6256,0,0,1643,40391
Mon Apr 10 02:55:01 2023,0,0,0,0,0,0,0,0,1,3,0,0,0,0,0,0,2,13,8,63,218,3252,0,0,802,25379,295,5431,0,0,313,6106,0,0,1639,40247
Mon Apr 10 03:10:02 2023,0,0,0,0,0,0,0,0,1,3,0,0,0,0,0,0,2,13,7,51,218,3252,0,0,801,25301,295,5431,0,0,313,6106,0,0,1637,40157
Mon Apr 10 03:25:03 2023,0,0,0,0,0,0,0,0,1,3,0,0,0,0,0,0,2,13,7,51,218,3252,0,0,801,25430,295,5431,0,0,313,6106,0,0,1637,40286
Mon Apr 10 03:40:04 2023,0,0,0,0,0,0,0,0,1,3,0,0,0,0,0,0,2,13,7,51,219,3259,0,0,800,25419,295,5431,0,0,313,6106,0,0,1637,40282
Mon Apr 10 03:55:05 2023,0,0,0,0,0,0,0,0,1,3,0,0,0,0,0,0,2,13,7,51,220,3263,0,0,795,25250,294,5422,0,0,313,6106,0,0,1632,40108
Mon Apr 10 04:10:06 2023,0,0,0,0,0,0,0,0,2,1495,0,0,0,0,0,0,2,13,8,59,221,3275,0,0,788,24926,293,5421,0,0,313,6106,0,0,1627,41295
Mon Apr 10 04:25:07 2023,0,0,0,0,0,0,0,0,3,1072,0,0,0,0,0,0,2,13,8,59,221,3275,0,0,783,24663,294,5427,0,0,313,6106,0,0,1624,40615
Mon Apr 10 04:40:08 2023,0,0,0,0,0,0,0,0,3,1072,0,0,0,0,0,0,2,13,8,59,221,3275,0,0,778,24404,294,5427,0,0,314,6209,0,0,1620,40459
Mon Apr 10 04:55:09 2023,0,0,0,0,0,0,0,0,3,1072,0,0,0,0,0,0,2,13,8,56,218,3194,0,0,778,24404,294,5427,0,0,312,6199,0,0,1615,40365
Mon Apr 10 05:10:10 2023,0,0,0,0,0,0,0,0,3,1072,0,0,0,0,0,0,2,13,7,51,218,3194,0,0,780,24485,294,5427,0,0,307,6060,0,0,1611,40302
Mon Apr 10 05:25:12 2023,0,0,0,0,0,0,0,0,2,4,0,0,0,0,0,0,2,13,7,51,218,3194,0,0,780,24433,294,5427,0,0,307,6060,0,0,1610,39182
Mon Apr 10 05:40:13 2023,0,0,0,0,0,0,0,0,2,4,0,0,0,0,0,0,2,13,6,39,217,3074,0,0,780,24433,294,5427,0,0,307,6060,0,0,1608,39050
Mon Apr 10 05:55:13 2023,0,0,0,0,0,0,0,0,2,4,0,0,0,0,0,0,2,13,6,39,217,3074,0,0,777,24323,292,5363,0,0,307,6060,0,0,1603,38876
Mon Apr 10 06:10:15 2023,0,0,1,8,0,0,0,0,2,4,0,0,0,0,0,0,2,13,6,39,219,3093,0,0,775,24271,294,5363,0,0,306,6037,0,0,1605,38828
Mon Apr 10 06:25:16 2023,0,0,0,0,0,0,0,0,2,4,0,0,0,0,0,0,2,13,6,39,219,3093,0,0,776,24286,296,5309,0,0,307,6038,0,0,1608,38782
Mon Apr 10 06:40:17 2023,0,0,0,0,0,0,0,0,2,4,0,0,0,0,0,0,2,13,6,39,219,3093,0,0,778,24362,296,5309,0,0,306,6031,0,0,1609,38851
Mon Apr 10 06:55:18 2023,0,0,0,0,0,0,0,0,1,3,0,0,0,0,0,0,2,13,6,39,219,3093,0,0,778,24334,295,5292,0,0,306,6031,0,0,1607,38805
Mon Apr 10 07:10:19 2023,0,0,0,0,0,0,0,0,1,3,0,0,0,0,0,0,2,13,6,39,218,3078,0,0,780,24413,296,5298,0,0,305,6131,0,0,1608,38975
Mon Apr 10 07:25:20 2023,0,0,0,0,0,0,0,0,1,3,0,0,0,0,0,0,2,13,7,49,218,3078,0,0,781,24495,298,5315,0,0,304,6124,0,0,1611,39077
Mon Apr 10 07:40:21 2023,0,0,0,0,0,0,0,0,1,3,0,0,0,0,0,0,2,13,7,49,217,3065,0,0,766,24459,297,5302,0,0,301,6182,0,0,1591,39073
Mon Apr 10 07:55:22 2023,0,0,0,0,0,0,0,0,1,3,0,0,0,0,0,0,2,13,8,65,218,3077,0,0,753,23825,297,5302,0,0,302,6161,1,8,1582,38454
Mon Apr 10 08:10:23 2023,0,0,0,0,0,0,0,0,1,3,0,0,0,0,0,0,2,13,8,65,218,3077,0,0,754,23949,294,5264,0,0,302,6161,1,8,1580,38540
Mon Apr 10 08:25:24 2023,0,0,0,0,0,0,0,0,1,3,0,0,0,0,0,0,2,13,8,65,218,3077,0,0,754,24251,298,5268,0,0,301,6161,1,8,1583,38846
Mon Apr 10 08:40:25 2023,0,0,0,0,0,0,0,0,1,3,0,0,0,0,0,0,2,13,9,66,218,3077,0,0,755,24299,297,5301,0,0,301,6143,1,8,1584,38910
Mon Apr 10 08:55:26 2023,0,0,0,0,0,0,0,0,1,3,0,0,0,0,0,0,2,13,9,66,219,3087,0,0,754,24226,297,5295,0,0,300,5940,0,0,1582,38630
Mon Apr 10 09:10:27 2023,0,0,0,0,0,0,2,28,1,3,0,0,0,0,0,0,2,13,11,80,217,3046,0,0,744,24247,293,5216,0,0,300,5937,0,0,1570,38570
Mon Apr 10 09:25:32 2023,0,0,0,0,0,0,2,28,1,3,0,0,0,0,0,0,2,13,10,67,214,3009,0,0,734,23722,287,5102,0,0,302,5787,0,0,1552,37731
Mon Apr 10 09:40:33 2023,0,0,1,2,0,0,2,28,1,3,0,0,0,0,0,0,2,13,11,83,215,3037,0,0,726,23452,287,5007,0,0,297,5817,0,0,1542,37442
Mon Apr 10 09:55:34 2023,0,0,1,2,0,0,2,28,1,3,0,0,0,0,0,0,3,121,10,73,211,2944,0,0,712,23108,281,4835,0,0,296,5793,0,0,1517,36907
Mon Apr 10 10:10:35 2023,0,0,1,2,0,0,2,28,1,3,0,0,1,3,0,0,4,121,8,53,207,2911,1,2,709,22982,283,4866,0,0,297,5700,0,0,1514,36671
Mon Apr 10 10:25:36 2023,0,0,1,2,0,0,2,28,1,3,0,0,1,3,0,0,3,27,8,53,207,2911,1,2,694,22424,272,4778,0,0,293,5480,0,0,1483,35711
Mon Apr 10 10:40:38 2023,0,0,0,0,0,0,2,28,1,3,0,0,1,3,0,0,3,27,8,53,206,2865,1,2,697,22987,267,4512,0,0,288,5436,0,0,1474,35916
Mon Apr 10 10:55:39 2023,0,0,0,0,0,0,2,28,1,3,0,0,1,3,0,0,3,27,7,168,203,2822,1,2,690,22414,261,4350,0,0,290,5472,0,0,1459,35289
Mon Apr 10 11:10:40 2023,0,0,0,0,0,0,2,28,1,3,0,0,1,3,0,0,3,27,8,221,204,2807,1,2,693,22699,254,4140,0,0,289,5462,0,0,1456,35392
Mon Apr 10 11:25:41 2023,0,0,0,0,0,0,2,28,2,18,0,0,1,3,0,0,4,43,10,231,198,2702,1,2,681,22639,254,3991,0,0,275,5550,0,0,1428,35207
Mon Apr 10 11:40:42 2023,0,0,0,0,0,0,2,28,2,18,0,0,1,3,0,0,5,52,8,55,196,2684,0,0,677,22700,248,3950,0,0,277,5254,0,0,1416,34744
Mon Apr 10 11:55:43 2023,0,0,0,0,1,4,1,27,2,18,0,0,1,3,0,0,5,203,8,121,196,2662,0,0,666,22175,251,3919,0,0,250,6576,1,7,1382,35715
Mon Apr 10 12:10:45 2023,0,0,0,0,1,4,1,27,3,52,0,0,1,3,0,0,5,203,7,116,195,3192,0,0,656,21398,245,3768,0,0,251,6583,1,7,1366,35353
Mon Apr 10 12:25:46 2023,0,0,0,0,1,4,3,32,3,52,0,0,2,13,0,0,4,192,7,116,193,3156,0,0,650,21099,243,3736,0,0,248,6726,1,7,1355,35133
Mon Apr 10 12:40:47 2023,0,0,0,0,0,0,1,14,4,110,0,0,1,3,0,0,4,192,5,24,188,3073,0,0,629,20659,235,3635,0,0,243,6737,1,7,1311,34454
Mon Apr 10 12:55:48 2023,0,0,0,0,0,0,1,14,4,110,0,0,1,3,0,0,4,192,4,20,186,3018,0,0,618,23572,235,3633,0,0,238,6405,0,0,1291,36967
Mon Apr 10 13:10:49 2023,1,68,0,0,0,0,1,14,3,110,0,0,0,0,0,0,4,39,5,21,185,2997,0,0,608,19892,235,3660,0,0,230,6190,0,0,1272,32991
Mon Apr 10 13:25:50 2023,1,68,0,0,0,0,1,14,2,92,0,0,0,0,0,0,4,39,6,23,186,3003,0,0,612,19761,230,3572,0,0,225,6074,1,1831,1268,34477
Mon Apr 10 13:40:51 2023,1,68,0,0,0,0,0,0,1,58,0,0,0,0,0,0,4,39,7,64,182,2976,0,0,597,20959,226,3550,0,0,221,5991,2,1846,1241,35551
Mon Apr 10 13:55:52 2023,1,68,0,0,0,0,0,0,1,58,0,0,0,0,0,0,4,39,7,64,175,2920,0,0,595,20822,216,3294,0,0,216,5963,1,1831,1216,35059
Mon Apr 10 14:10:53 2023,1,68,0,0,0,0,0,0,1,58,0,0,0,0,1,39,4,39,7,161,171,2834,0,0,585,18457,209,5386,0,0,209,5160,0,0,1188,32202
Mon Apr 10 14:25:54 2023,1,68,1,13,0,0,0,0,1,58,0,0,0,0,2,1486,4,39,8,167,170,3046,0,0,573,18170,213,3157,0,0,206,5143,0,0,1179,31347
Mon Apr 10 14:40:56 2023,1,68,1,13,0,0,0,0,1,58,0,0,0,0,3,1467,4,39,8,167,167,3013,0,0,564,17951,213,3150,0,0,203,4966,0,0,1165,30892
Mon Apr 10 14:55:56 2023,1,68,1,13,0,0,0,0,1,58,0,0,0,0,3,1467,4,39,7,161,165,2963,0,0,555,17622,210,3120,0,0,211,5173,0,0,1158,30684
Mon Apr 10 15:10:57 2023,1,68,1,13,0,0,1,3,1,58,0,0,0,0,2,21,3,37,9,296,162,2917,0,0,546,17213,203,2970,0,0,206,4961,1,21,1136,28578
Mon Apr 10 15:25:58 2023,0,0,0,0,0,0,1,3,1,58,0,0,0,0,2,21,3,37,9,334,157,2853,0,0,542,16831,205,3085,0,0,206,5336,0,0,1126,28558
Mon Apr 10 15:40:59 2023,0,0,1,3,0,0,1,3,1,58,0,0,0,0,1,16,2,23,8,255,152,2727,0,0,530,16606,203,2922,0,0,199,5214,0,0,1098,27827
Mon Apr 10 15:56:00 2023,0,0,1,3,0,0,1,3,2,59,0,0,0,0,1,16,2,23,9,267,152,2727,0,0,509,15945,199,2791,0,0,200,5221,0,0,1076,27055
Mon Apr 10 16:11:01 2023,0,0,1,3,0,0,1,3,2,59,0,0,0,0,0,0,2,23,8,255,151,2700,0,0,502,15492,192,2593,0,0,196,5001,0,0,1055,26129
Mon Apr 10 16:26:01 2023,0,0,1,3,0,0,1,2,2,59,0,0,0,0,0,0,1,7,7,254,145,2601,1,92,486,14767,184,2453,0,0,191,4155,0,0,1019,24393
Mon Apr 10 16:41:02 2023,0,0,1,3,0,0,1,2,2,59,0,0,0,0,0,0,0,0,8,259,141,2548,1,92,467,14301,183,2489,0,0,187,4538,0,0,991,24291
Mon Apr 10 16:56:03 2023,0,0,1,3,0,0,1,2,1,1,0,0,0,0,0,0,0,0,8,259,138,2499,1,92,450,13880,178,2437,0,0,185,4580,0,0,963,23753
Mon Apr 10 17:11:02 2023,0,0,1,3,0,0,1,2,2,2,0,0,0,0,0,0,0,0,8,259,132,2396,1,92,445,15041,167,3393,0,0,177,4807,0,0,934,25995
Mon Apr 10 17:26:03 2023,0,0,2,4,0,0,1,2,2,2,0,0,0,0,0,0,0,0,9,260,128,2353,1,92,433,14579,163,3347,0,0,189,5116,0,0,928,25755
Mon Apr 10 17:41:04 2023,0,0,2,4,0,0,1,2,2,2,0,0,0,0,0,0,0,0,10,266,127,1611,1,92,428,13019,163,3088,0,0,169,5158,0,0,903,23242
Mon Apr 10 17:56:05 2023,0,0,2,4,0,0,1,2,2,2,0,0,0,0,0,0,1,81,10,266,125,1581,1,92,416,12895,156,2989,0,0,164,3263,0,0,878,21175
Mon Apr 10 18:11:06 2023,0,0,2,4,0,0,0,0,2,2,0,0,1,8,0,0,1,81,7,249,116,1466,1,92,407,13077,155,2973,0,0,164,2912,0,0,856,20864
Mon Apr 10 18:26:07 2023,0,0,2,4,1,2,0,0,2,2,0,0,1,1,0,0,1,81,6,247,113,1400,1,92,396,14708,151,1835,0,0,161,2719,0,0,835,21091
Mon Apr 10 18:41:08 2023,0,0,2,4,1,2,0,0,2,2,0,0,1,1,0,0,2,10,4,133,113,1391,1,92,401,13990,140,1945,0,0,153,2700,0,0,820,20270
Mon Apr 10 18:56:09 2023,0,0,2,4,1,2,0,0,1,1,0,0,3,21,0,0,2,10,3,7,109,1358,0,0,394,13890,132,1827,0,0,144,2657,0,0,791,19777
Mon Apr 10 19:11:10 2023,0,0,2,4,1,2,0,0,1,1,0,0,2,9,0,0,2,10,3,7,108,1356,0,0,395,13961,132,1827,0,0,142,2549,0,0,788,19726
Mon Apr 10 19:26:11 2023,0,0,2,4,1,2,0,0,1,1,0,0,2,9,0,0,2,10,3,7,106,1340,0,0,389,16452,123,1468,0,0,139,2336,0,0,768,21629
Mon Apr 10 19:41:11 2023,0,0,2,4,1,2,0,0,1,1,0,0,1,8,0,0,2,10,3,7,101,1260,0,0,380,15728,115,3099,0,0,142,2351,0,0,748,22470
Mon Apr 10 19:56:13 2023,0,0,2,4,1,2,2,7,0,0,0,0,1,8,0,0,2,10,3,15,97,1236,0,0,374,15533,105,2819,0,0,139,2626,0,0,726,22260
Mon Apr 10 20:11:14 2023,0,0,1,1,1,2,1,3,0,0,0,0,1,56,0,0,2,10,3,15,90,1157,0,0,373,15529,97,2033,0,0,139,2681,0,0,708,21487
Mon Apr 10 20:26:15 2023,0,0,0,0,1,2,1,3,0,0,0,0,1,56,0,0,3,50,3,15,87,1121,0,0,359,15001,93,1985,0,0,137,5381,0,0,685,23614
Mon Apr 10 20:41:16 2023,0,0,0,0,1,2,1,3,0,0,0,0,1,56,0,0,3,50,4,17,86,1079,0,0,353,14740,87,1599,0,0,133,2059,0,0,669,19605
Mon Apr 10 20:56:17 2023,0,0,0,0,1,2,1,3,1,1,0,0,1,56,0,0,3,50,4,17,88,1102,0,0,341,14385,86,1579,0,0,140,2235,0,0,666,19430
Mon Apr 10 21:11:18 2023,0,0,0,0,1,2,1,3,1,1,0,0,1,56,0,0,3,50,4,17,90,1132,0,0,336,14352,82,1550,0,0,134,2209,0,0,653,19372
Mon Apr 10 21:26:19 2023,0,0,0,0,1,2,0,0,1,1,0,0,1,56,0,0,3,50,5,19,91,1146,0,0,335,11670,82,1550,0,0,134,2226,0,0,653,16720
Mon Apr 10 21:41:20 2023,0,0,0,0,1,2,0,0,1,1,0,0,0,0,0,0,4,55,5,19,88,1104,0,0,330,11454,81,1535,0,0,134,2226,0,0,644,16396
Mon Apr 10 21:56:21 2023,0,0,0,0,1,2,0,0,1,1,0,0,0,0,0,0,2,41,4,17,88,1143,0,0,329,11284,80,1532,0,0,134,2226,1,161,640,16407
Mon Apr 10 22:11:22 2023,0,0,0,0,1,2,0,0,1,1,0,0,0,0,0,0,1,1,4,17,87,1105,0,0,326,10718,80,1532,0,0,134,2214,1,161,635,15751
Mon Apr 10 22:26:24 2023,0,0,0,0,1,2,0,0,1,1,0,0,0,0,0,0,1,1,4,17,88,1117,0,0,327,9731,80,1532,0,0,133,2174,1,161,636,14736
Mon Apr 10 22:41:25 2023,0,0,0,0,0,0,0,0,0,0,0,0,0,0,0,0,1,1,4,17,85,1073,0,0,326,9818,81,1539,0,0,133,2174,1,161,631,14783
Mon Apr 10 22:56:26 2023,0,0,0,0,0,0,0,0,0,0,0,0,0,0,0,0,1,1,4,17,84,1069,0,0,327,9773,79,1528,0,0,134,2182,0,0,629,14570
Mon Apr 10 23:11:28 2023,0,0,0,0,0,0,0,0,0,0,0,0,0,0,0,0,1,1,4,17,84,1069,0,0,328,9786,75,1428,0,0,134,2161,0,0,626,14462
Mon Apr 10 23:26:29 2023,0,0,0,0,0,0,0,0,0,0,0,0,0,0,0,0,1,1,4,17,83,1055,0,0,329,9814,74,1424,0,0,134,2161,0,0,625,14472
Mon Apr 10 23:41:30 2023,0,0,0,0,0,0,0,0,0,0,0,0,0,0,0,0,1,1,4,17,83,1055,0,0,329,9724,74,1424,0,0,134,2161,0,0,625,14382
Mon Apr 10 23:56:31 2023,0,0,0,0,0,0,0,0,0,0,0,0,0,0,0,0,1,1,4,17,83,1055,0,0,328,9692,75,1427,0,0,134,2161,0,0,625,14353
Tue Apr 11 00:11:33 2023,0,0,0,0,0,0,0,0,0,0,0,0,0,0,0,0,1,1,3,8,83,1055,0,0,326,9652,74,1424,0,0,134,2161,0,0,621,14301
Tue Apr 11 00:26:34 2023,0,0,0,0,0,0,0,0,0,0,0,0,0,0,0,0,1,1,2,6,83,1055,0,0,326,9652,73,1415,0,0,133,2153,0,0,618,14282
Tue Apr 11 00:41:35 2023,0,0,0,0,0,0,0,0,0,0,0,0,0,0,0,0,1,1,2,6,83,1055,0,0,326,9652,72,1320,0,0,133,2153,0,0,617,14187
Tue Apr 11 00:56:36 2023,0,0,0,0,0,0,0,0,0,0,0,0,0,0,0,0,1,1,2,6,83,1055,0,0,327,9704,72,1320,0,0,132,2149,0,0,617,14235
Tue Apr 11 01:11:37 2023,0,0,0,0,0,0,0,0,0,0,0,0,0,0,0,0,1,1,2,6,83,1055,0,0,329,9755,70,1244,0,0,133,2159,0,0,618,14220
Tue Apr 11 01:26:38 2023,0,0,0,0,0,0,0,0,0,0,0,0,0,0,0,0,1,1,2,6,83,1055,0,0,329,9755,70,1244,0,0,133,2159,0,0,618,14220
Tue Apr 11 01:41:39 2023,0,0,0,0,0,0,0,0,0,0,0,0,0,0,0,0,1,1,1,2,81,983,0,0,329,9755,70,1244,0,0,132,2158,0,0,614,14143
Tue Apr 11 01:56:41 2023,0,0,1,2,0,0,0,0,0,0,0,0,0,0,0,0,1,1,1,2,81,983,0,0,329,9755,72,1773,0,0,130,2126,0,0,615,14642
Tue Apr 11 02:11:42 2023,0,0,1,2,0,0,0,0,0,0,0,0,0,0,0,0,1,1,1,2,79,939,0,0,328,9633,71,1760,0,0,130,2126,0,0,611,14463
Tue Apr 11 02:26:42 2023,0,0,1,2,0,0,0,0,0,0,0,0,0,0,0,0,2,6,1,2,78,925,0,0,328,9633,71,1760,0,0,130,2125,0,0,611,14453
Tue Apr 11 02:41:43 2023,0,0,1,2,0,0,0,0,0,0,0,0,0,0,0,0,2,6,1,2,78,925,0,0,328,9633,71,562,0,0,130,2125,0,0,611,13255
Tue Apr 11 02:56:44 2023,0,0,1,2,0,0,0,0,0,0,0,0,0,0,0,0,2,6,1,2,78,925,0,0,329,9689,71,562,0,0,130,2125,0,0,612,13311
Tue Apr 11 03:11:45 2023,0,0,1,2,0,0,0,0,1,2,0,0,0,0,0,0,2,6,1,2,78,925,0,0,328,9675,71,562,0,0,128,2118,0,0,610,13292
Tue Apr 11 03:26:46 2023,0,0,0,0,0,0,0,0,1,2,0,0,0,0,0,0,2,6,1,2,78,925,0,0,329,9724,70,554,0,0,128,2415,0,0,609,13628
Tue Apr 11 03:41:47 2023,0,0,0,0,0,0,1,12,1,2,0,0,0,0,0,0,2,6,1,2,75,896,0,0,329,9724,70,554,0,0,128,2415,0,0,607,13611
Tue Apr 11 03:56:48 2023,0,0,0,0,0,0,1,12,1,2,0,0,0,0,0,0,2,6,1,2,74,875,0,0,331,9897,70,554,0,0,128,2415,0,0,608,13763
Tue Apr 11 04:11:49 2023,0,0,0,0,0,0,1,12,1,2,0,0,0,0,0,0,2,6,1,2,76,903,0,0,331,9897,70,554,0,0,129,2448,0,0,611,13824
Tue Apr 11 04:26:50 2023,0,0,0,0,0,0,1,12,0,0,0,0,0,0,0,0,2,6,1,2,74,873,0,0,331,9897,71,555,0,0,128,2443,0,0,608,13788
Tue Apr 11 04:41:50 2023,0,0,0,0,0,0,1,12,0,0,0,0,0,0,0,0,2,6,1,2,74,873,0,0,332,10007,70,550,0,0,128,2443,0,0,608,13893
Tue Apr 11 04:56:51 2023,0,0,0,0,0,0,0,0,0,0,0,0,0,0,0,0,2,13,1,2,74,873,0,0,333,10018,72,569,0,0,127,2436,0,0,609,13911
Tue Apr 11 05:11:52 2023,0,0,0,0,0,0,0,0,0,0,0,0,0,0,0,0,2,13,1,2,74,873,0,0,333,10018,71,552,0,0,128,2440,0,0,609,13898
Tue Apr 11 05:26:53 2023,0,0,0,0,0,0,0,0,0,0,0,0,0,0,0,0,2,13,1,2,74,873,0,0,333,10018,71,552,0,0,128,2440,0,0,609,13898
Tue Apr 11 05:41:54 2023,0,0,0,0,0,0,0,0,0,0,0,0,0,0,0,0,2,13,1,2,73,862,0,0,334,9930,71,552,0,0,128,2900,1,11,610,14270
Tue Apr 11 05:56:55 2023,0,0,0,0,0,0,0,0,0,0,0,0,0,0,0,0,2,13,1,2,74,869,0,0,325,9662,71,552,0,0,127,2576,1,11,601,13685
Tue Apr 11 06:11:56 2023,0,0,0,0,0,0,0,0,0,0,0,0,0,0,0,0,3,16,1,2,71,817,0,0,317,9422,69,532,0,0,127,2576,0,0,588,13365
Tue Apr 11 06:26:56 2023,0,0,0,0,0,0,0,0,0,0,0,0,0,0,0,0,2,15,1,2,71,817,0,0,316,9391,71,548,0,0,127,2570,0,0,588,13343
Tue Apr 11 06:41:59 2023,0,0,0,0,0,0,0,0,0,0,0,0,0,0,0,0,2,15,1,2,71,817,0,0,318,9434,71,535,0,0,128,2430,0,0,591,13233
Tue Apr 11 06:56:59 2023,0,0,0,0,0,0,0,0,0,0,0,0,0,0,0,0,2,15,1,2,72,831,0,0,319,9437,71,535,0,0,128,2437,0,0,593,13257
Tue Apr 11 07:12:00 2023,0,0,0,0,0,0,0,0,0,0,0,0,0,0,0,0,3,17,1,2,68,786,0,0,319,9437,72,543,0,0,126,2417,1,1,590,13203
Tue Apr 11 07:27:01 2023,4,457,0,0,0,0,0,0,0,0,0,0,0,0,0,0,3,17,1,2,66,765,0,0,320,9352,71,522,0,0,126,2417,0,0,591,13532
Tue Apr 11 07:42:02 2023,4,457,0,0,0,0,0,0,0,0,0,0,0,0,0,0,11,10760,2,3,66,765,0,0,320,9354,73,532,0,0,126,2417,0,0,602,24288
Tue Apr 11 07:57:03 2023,1,427,1,2,0,0,0,0,0,0,0,0,0,0,0,0,5,102,2,3,65,744,0,0,308,8950,74,534,0,0,127,2418,0,0,583,13180
Tue Apr 11 08:12:04 2023,1,427,2,4,1,9,0,0,0,0,0,0,0,0,0,0,6,102,3,4,66,752,0,0,305,8854,74,534,0,0,127,2418,0,0,585,13104
Tue Apr 11 08:27:05 2023,1,427,2,4,1,9,0,0,1,49,0,0,0,0,0,0,6,102,4,11,67,761,0,0,306,8808,74,534,0,0,127,2557,0,0,589,13262
Tue Apr 11 08:42:06 2023,1,427,2,4,1,9,1,2083,1,49,0,0,1,1,0,0,6,120,3,10,68,773,0,0,302,8715,74,539,0,0,128,2604,0,0,588,15334
Tue Apr 11 08:57:06 2023,1,427,2,4,1,9,1,2083,1,49,0,0,1,1,0,0,6,120,3,10,68,773,0,0,302,8715,74,539,0,0,128,2604,0,0,588,15334
Tue Apr 11 09:12:07 2023,1,427,1,2,1,9,1,1,2,56,0,0,1,1,0,0,2,5,3,10,67,760,0,0,308,8857,71,523,0,0,128,2625,0,0,586,13276
Tue Apr 11 09:27:08 2023,0,0,1,3,1,9,1,1,2,56,0,0,1,1,0,0,2,5,3,10,66,743,0,0,303,8778,66,508,0,0,128,2610,0,0,574,12724
Tue Apr 11 09:42:09 2023,0,0,1,3,0,0,1,1,3,58,0,0,1,1,0,0,2,5,5,32,60,690,1,20,305,8851,63,484,0,0,128,2576,0,0,570,12721
Tue Apr 11 09:57:10 2023,0,0,1,3,0,0,2,2,3,58,0,0,1,1,0,0,2,5,6,44,59,672,0,0,298,8617,54,513,0,0,125,3976,0,0,551,13891
Tue Apr 11 10:12:11 2023,0,0,1,3,0,0,2,2,2,56,0,0,2,3,0,0,1,2,6,44,80,2300,0,0,296,8686,53,511,0,0,123,3938,0,0,566,15545
Tue Apr 11 10:27:11 2023,0,0,0,0,0,0,3,3,2,56,0,0,2,3,0,0,2,7,6,44,53,2349,0,0,289,8531,52,498,0,0,120,3814,0,0,529,15305
Tue Apr 11 10:42:12 2023,0,0,0,0,1,1,4,4,2,56,0,0,2,3,0,0,2,7,5,32,49,2305,0,0,277,8274,52,500,0,0,120,3756,0,0,514,14938
Tue Apr 11 10:57:13 2023,0,0,0,0,1,5,4,4,1,7,0,0,2,3,0,0,2,7,4,13,49,2310,2,1234,274,8149,50,479,0,0,120,3739,0,0,509,15950
Tue Apr 11 11:12:14 2023,0,0,0,0,1,6,3,3,1,7,0,0,2,3,0,0,1,5,4,13,46,2284,2,1234,273,8262,50,463,0,0,112,3626,0,0,495,15906
Tue Apr 11 11:27:15 2023,0,0,0,0,1,6,1,1,1,7,0,0,2,3,1,1,1,5,6,132,43,2242,2,1032,267,8229,51,687,0,0,107,3657,0,0,483,16002
Tue Apr 11 11:42:16 2023,0,0,0,0,1,6,1,1,1,7,0,0,2,3,1,1,1,5,6,132,41,1343,2,1032,258,12928,48,669,0,0,104,3588,0,0,466,19715
Tue Apr 11 11:57:16 2023,0,0,0,0,1,6,1,1,1,7,0,0,3,5,1,1,0,0,6,132,42,2067,2,1032,251,12917,46,10582,0,0,96,3319,0,0,450,30069
Tue Apr 11 12:12:17 2023,0,0,0,0,1,6,1,1,1,7,0,0,3,5,1,1,0,0,6,132,42,2067,2,1032,250,12695,49,10552,0,0,92,3248,0,0,448,29746
Tue Apr 11 12:27:18 2023,0,0,0,0,1,6,1,1,1,7,0,0,3,5,1,1,0,0,6,132,42,2067,2,1032,250,12695,49,10552,0,0,92,3248,0,0,448,29746
Tue Apr 11 12:42:19 2023,0,0,0,0,1,2,0,0,0,0,0,0,3,964,1,1,0,0,3,11,34,1835,2,95,239,7322,41,5269,0,0,86,3111,0,0,410,18610
Tue Apr 11 12:57:20 2023,0,0,0,0,1,2,0,0,0,0,0,0,5,1720,1,1,0,0,3,11,34,1839,2,95,232,7061,40,5270,0,0,84,3106,0,0,402,19105
Tue Apr 11 13:12:21 2023,0,0,0,0,1,2,1,2,0,0,0,0,6,1070,1,1,0,0,3,11,34,1839,2,95,226,7186,39,2894,0,0,83,3068,0,0,396,16168
Tue Apr 11 13:27:22 2023,0,0,0,0,0,0,1,2,1,2,0,0,6,1070,1,1,1,74,2,4,29,1779,2,95,218,7035,29,2948,0,0,81,3067,0,0,371,16077
Tue Apr 11 13:42:22 2023,0,0,0,0,0,0,1,2,1,2,0,0,6,1070,1,1,1,74,2,4,29,1121,1,86,206,6879,25,2801,0,0,79,3056,0,0,352,15096
Tue Apr 11 13:57:23 2023,0,0,0,0,0,0,1,2,1,2,0,0,6,1070,1,1,1,74,2,4,25,1069,1,86,202,10777,27,1701,0,0,79,1703,0,0,346,16489
Tue Apr 11 14:12:24 2023,0,0,0,0,0,0,2,5,0,0,0,0,4,108,1,1,1,74,2,4,22,272,1,86,200,10588,25,1501,0,0,73,1864,0,0,331,14503
Tue Apr 11 14:27:25 2023,0,0,0,0,0,0,1,3,1,5,0,0,5,110,0,0,1,74,2,4,21,261,0,0,197,8448,23,1477,0,0,68,1581,0,0,319,11963
Tue Apr 11 14:42:26 2023,0,0,1,1,0,0,1,3,1,5,0,0,5,110,0,0,1,74,2,4,21,261,0,0,200,7889,23,1477,0,0,67,1576,0,0,322,11400
Tue Apr 11 14:57:27 2023,0,0,2,8,1,682,1,3,1,5,0,0,5,110,0,0,1,74,2,3,16,174,0,0,196,7897,22,6450,0,0,66,1301,0,0,313,16707
Tue Apr 11 15:12:28 2023,0,0,2,8,2,699,1,3,1,5,0,0,5,116,0,0,1,74,2,3,15,156,0,0,192,6426,25,3003,0,0,63,1280,0,0,309,11773
Tue Apr 11 15:27:29 2023,0,0,2,8,2,699,0,0,1,5,0,0,4,114,0,0,1,74,2,3,15,230,0,0,183,6055,27,3010,0,0,59,1130,0,0,296,11328
Tue Apr 11 15:42:30 2023,0,0,2,15,1,17,0,0,1,5,0,0,4,114,0,0,2,76,2,3,17,273,0,0,182,6101,25,3603,0,0,53,1112,0,0,289,11319
Tue Apr 11 15:57:31 2023,0,0,1,14,1,171,0,0,1,5,0,0,4,30,0,0,2,76,2,3,16,184,0,0,168,5649,23,2983,0,0,49,1033,0,0,267,10148
Tue Apr 11 16:12:32 2023,0,0,1,14,1,171,0,0,1,5,0,0,5,983,0,0,2,76,2,3,15,170,0,0,157,4580,24,2122,0,0,48,1021,0,0,256,9145
Tue Apr 11 16:27:33 2023,0,0,1,14,1,171,0,0,1,5,0,0,6,34,0,0,2,76,2,3,15,170,0,0,158,4615,24,2111,0,0,51,1269,0,0,261,8468
Tue Apr 11 16:42:34 2023,0,0,1,14,1,171,0,0,1,5,0,0,5,32,0,0,2,76,2,3,14,164,1,9,152,4229,22,2090,0,0,48,1200,0,0,249,7993
Tue Apr 11 16:57:35 2023,0,0,1,14,1,171,0,0,1,5,0,0,5,32,0,0,3,92,2,3,14,164,1,9,140,3879,18,1995,0,0,45,1172,0,0,231,7536
Tue Apr 11 17:12:35 2023,0,0,1,14,1,171,0,0,1,5,0,0,5,32,0,0,3,92,2,3,15,180,1,9,125,3519,16,1976,0,0,43,1107,0,0,213,7108
Tue Apr 11 17:27:37 2023,0,0,0,0,0,0,0,0,0,0,0,0,3,28,0,0,3,92,3,10,12,134,1,9,122,3575,18,2009,0,0,44,1106,0,0,206,6963
Tue Apr 11 17:42:37 2023,0,0,0,0,0,0,0,0,0,0,0,0,2,19,0,0,3,2061,3,10,9,102,2,10,114,3365,16,1999,0,0,39,847,0,0,188,8413
Tue Apr 11 17:57:37 2023,0,0,0,0,0,0,0,0,0,0,0,0,2,19,0,0,3,2061,3,10,10,107,2,10,110,3051,15,1975,0,0,35,862,0,0,180,8095
Tue Apr 11 18:12:38 2023,0,0,0,0,0,0,1,81,0,0,0,0,1,14,0,0,4,2074,4,15,11,120,2,10,102,3337,13,1965,0,0,32,868,0,0,170,8484
Tue Apr 11 18:27:39 2023,0,0,0,0,0,0,1,81,0,0,0,0,1,14,0,0,5,2079,4,15,12,128,2,10,101,3375,11,1918,0,0,27,827,0,0,164,8447
Tue Apr 11 18:42:40 2023,0,0,0,0,0,0,1,81,0,0,0,0,0,6,0,0,4,2066,3,8,10,104,2,10,92,2589,11,1913,0,0,29,842,0,0,152,7619
Tue Apr 11 18:57:42 2023,0,0,0,0,1,11,1,81,1,4,0,0,1,23,0,0,4,2066,3,8,7,75,2,10,89,2466,9,1887,0,0,27,478,1,4,146,7113
Tue Apr 11 19:12:43 2023,0,0,0,0,0,0,1,81,1,4,0,0,1,23,0,0,4,2066,2,6,7,75,2,10,88,2480,10,1884,0,0,32,610,1,190,149,7429
Tue Apr 11 19:27:44 2023,0,0,5,8,0,0,1,81,1,4,0,0,1,23,0,0,4,2066,2,6,7,75,2,10,77,2143,10,1884,0,0,31,563,2,265,143,7128
Tue Apr 11 19:42:45 2023,0,0,5,8,0,0,1,81,0,0,0,0,1,23,0,0,4,2066,1,1,6,74,1,9,77,2236,11,82,0,0,48,809,3,272,158,5661
Tue Apr 11 19:57:45 2023,0,0,6,10,0,0,0,0,0,0,0,0,1,17,4,775,4,2066,0,0,6,74,1,9,63,1898,6,35,0,0,45,743,4,317,140,5944
Tue Apr 11 20:12:47 2023,0,0,6,10,0,0,0,0,0,0,0,0,1,17,3,773,3,2050,0,0,3,51,1,9,61,1825,5,33,0,0,47,760,2,265,132,5793
Tue Apr 11 20:27:49 2023,0,0,6,10,0,0,0,0,0,0,0,0,1,17,3,772,2,2048,0,0,3,51,1,9,54,1715,4,26,0,0,45,672,2,265,121,5585
Tue Apr 11 20:42:50 2023,0,0,7,12,0,0,0,0,0,0,1,2012,1,17,3,573,2,2048,0,0,2,24,3,38,58,1784,3,23,0,0,29,595,2,265,111,7391
Tue Apr 11 20:57:51 2023,0,0,7,12,0,0,0,0,0,0,1,2012,1,17,4,580,2,2048,0,0,1,11,2,37,55,1743,4,30,0,0,29,595,2,265,108,7350
Tue Apr 11 21:12:53 2023,0,0,7,12,0,0,0,0,0,0,1,2012,1,17,5,1181,2,1395,0,0,1,11,2,37,48,1426,4,22,0,0,29,595,2,265,102,6973
Tue Apr 11 21:27:55 2023,0,0,7,12,0,0,0,0,0,0,1,2012,1,17,6,1189,2,1395,0,0,1,11,2,37,47,1406,5,33,0,0,28,585,2,265,102,6962
Tue Apr 11 21:42:58 2023,0,0,1,35,0,0,0,0,0,0,1,2012,0,0,7,1189,2,1395,0,0,1,11,2,37,47,1429,6,2615,0,0,28,585,1,75,96,9383
Tue Apr 11 21:57:59 2023,0,0,1,35,0,0,0,0,0,0,2,2012,0,0,8,1191,2,1395,0,0,1,11,2,37,49,1629,5,33,0,0,28,585,2,145,100,7073
Wed Apr 12 06:29:49 2023,0,0,0,0,0,0,0,0,0,0,0,0,0,0,1,4,2,9,1,4,0,0,1,3,41,1482,1,11,0,0,25,581,0,0,72,2094
Wed Apr 12 06:44:50 2023,0,0,0,0,1,24,1,9,0,0,0,0,0,0,1,4,2,9,1,4,0,0,1,3,41,1482,1,11,0,0,25,581,0,0,74,2127
Wed Apr 12 06:55:12 2023,0,0,0,0,1,24,1,9,0,0,0,0,1,1,1,4,2,9,1,4,0,0,1,3,42,1490,1,11,0,0,25,581,0,0,76,2136
Wed Apr 12 07:10:13 2023,0,0,0,0,1,24,1,9,0,0,0,0,1,1,1,4,1,5,1,4,0,0,1,3,42,1486,1,11,0,0,27,588,0,0,77,2135
Wed Apr 12 07:25:14 2023,0,0,0,0,1,24,1,9,1,2,0,0,1,1,1,4,1,5,1,4,0,0,0,0,45,1544,1,11,0,0,27,588,0,0,80,2192
Wed Apr 12 07:40:15 2023,0,0,0,0,1,24,1,9,1,2,0,0,1,1,1,4,1,5,1,4,0,0,0,0,44,1519,1,11,0,0,27,588,0,0,79,2167
Wed Apr 12 07:55:16 2023,0,0,0,0,1,24,1,9,1,2,0,0,1,1,2,620,1,5,1,4,0,0,1,2,46,1541,1,11,0,0,28,417,0,0,84,2636
Wed Apr 12 08:10:17 2023,0,0,1,2,2,32,1,9,1,2,0,0,1,1,3,313,1,5,1,4,0,0,1,2,46,1541,1,11,0,0,28,415,0,0,87,2337
Wed Apr 12 08:25:27 2023,0,0,1,2,2,32,1,9,1,2,0,0,1,1,3,313,1,5,1,4,0,0,1,2,46,1541,1,11,0,0,28,415,0,0,87,2337
Wed Apr 12 08:40:28 2023,0,0,1,2,4,126,1,9,1,2,0,0,1,1,2,311,1,5,2,41,0,0,1,2,50,1743,2,13,0,0,29,416,0,0,95,2671
Wed Apr 12 08:55:29 2023,0,0,1,2,4,126,1,9,2,22,0,0,1,1,2,311,1,5,2,41,0,0,1,2,50,1753,2,13,0,0,30,433,0,0,97,2718
Wed Apr 12 09:10:30 2023,0,0,1,2,3,102,0,0,2,22,0,0,1,1,2,311,1,5,2,41,0,0,1,2,51,1741,3,23,0,0,31,466,0,0,98,2716
Wed Apr 12 09:25:31 2023,0,0,0,0,3,102,1,1,2,22,0,0,1,1,2,311,1,5,2,41,0,0,1,2,54,1836,4,24,0,0,32,467,0,0,103,2812
Wed Apr 12 09:40:32 2023,0,0,0,0,3,102,1,1,1,20,0,0,1,1,2,311,1,5,1,4,0,0,1,2,55,1805,4,22,0,0,31,465,0,0,101,2738
Wed Apr 12 09:55:33 2023,0,0,0,0,4,103,1,1,1,20,0,0,1,1,1,4,1,5,1,4,0,0,1,2,53,1893,2,12,0,0,31,465,0,0,97,2510
Wed Apr 12 10:10:34 2023,0,0,0,0,4,103,1,1,1,20,0,0,1,1,1,4,1,5,1,4,1,61,1,2,52,1869,2,12,0,0,32,469,0,0,98,2551
Wed Apr 12 10:25:35 2023,0,0,0,0,4,103,1,1,1,20,0,0,2,2,1,4,0,0,1,4,2,69,2,5,52,1953,3,24,0,0,31,436,0,0,100,2621
Wed Apr 12 10:40:36 2023,0,0,0,0,4,103,2,5,1,20,0,0,2,3,1,4,0,0,1,4,2,69,2,5,50,1931,2,23,0,0,30,465,0,0,97,2632
Wed Apr 12 10:55:37 2023,0,0,0,0,4,103,2,6,1,20,0,0,2,3,0,0,1,10,2,1654,2,69,2,5,45,1700,2,23,0,0,32,468,0,0,95,4061
Wed Apr 12 11:10:38 2023,0,0,0,0,5,124,1,2,1,20,0,0,2,3,0,0,1,10,2,449,3,80,1,3,46,2622,2,24,0,0,31,464,0,0,95,3801
Wed Apr 12 11:25:38 2023,0,0,0,0,6,126,1,2,1,20,0,0,3,4,0,0,3,45,2,449,3,80,1,3,42,2977,2,24,0,0,32,469,0,0,96,4199
Wed Apr 12 11:40:39 2023,0,0,0,0,4,102,0,0,1,20,0,0,3,4,0,0,3,45,2,449,3,80,0,0,44,4762,2,24,0,0,29,435,0,0,91,5921
Wed Apr 12 11:55:40 2023,0,0,0,0,4,102,1,6,1,20,0,0,2,2,1,6,3,45,1,445,3,80,1,4,41,3182,2,24,0,0,29,435,0,0,89,4351
